source_file,Filename,y_true,y_pred,p0,p1,p2,p3,p4,p5,p6,p7,p8,true_class,pred_class
F01_seed123_test.csv,20161207-111508-0.jpg,0,8,0.0469841,7.1716666e-06,9.9043632e-07,1.9621153e-06,3.4980655e-07,0.0005182492,3.0432013e-06,0.00062130526,0.95186283,Chinee apple,Negative
F01_seed123_test.csv,20161207-143344-0.jpg,7,8,0.0016227865,0.00015083484,3.1377e-05,0.25623235,1.1747846e-05,1.0557616e-05,7.1075138e-05,0.1699549,0.57191437,Snake weed,Negative
F01_seed123_test.csv,20170130-102525-0.jpg,1,8,0.016784106,0.11489235,0.00029624921,0.00022079965,4.2061765e-05,0.00040629797,5.2071943e-05,0.022170653,0.84513541,Lantana,Negative
F01_seed123_test.csv,20170210-132033-0.jpg,0,8,0.0026342285,3.1900378e-05,0.00056278842,2.3684671e-05,2.3115197e-05,1.5426441e-05,4.3959947e-05,0.00012699489,0.9965379,Chinee apple,Negative
F01_seed123_test.csv,20170210-141430-0.jpg,7,1,0.0034615929,0.9557871,0.00015869423,0.00037549813,6.4091075e-05,2.880137e-05,1.2705624e-05,0.03596607,0.0041454514,Snake weed,Lantana
F01_seed123_test.csv,20170217-143546-0.jpg,7,0,0.53039639,9.8084127e-05,0.00011222153,0.0006580828,3.2691824e-05,0.0003263863,8.4117796e-06,0.36401257,0.10435517,Snake weed,Chinee apple
F01_seed123_test.csv,20170405-160310-0.jpg,8,0,0.99926166,8.7049768e-07,4.3115441e-07,3.7997816e-06,2.2399168e-07,0.00067145846,9.4150736e-07,5.6960136e-05,3.6553457e-06,Negative,Chinee apple
F01_seed123_test.csv,20170410-124336-0.jpg,0,8,0.030598996,0.00030931794,1.9186404e-05,0.00018832024,1.3313724e-05,8.6652878e-05,3.9312362e-06,0.045633989,0.92314629,Chinee apple,Negative
F01_seed123_test.csv,20170521-153419-0.jpg,1,7,0.00039756938,0.034089841,2.1879806e-05,5.1263979e-05,5.0644778e-06,4.9271532e-06,0.00054804434,0.96463471,0.00024669734,Lantana,Snake weed
F01_seed123_test.csv,20170521-153505-0.jpg,1,7,0.00023195268,0.10159979,8.6371848e-06,6.5162098e-06,9.8466105e-06,2.4273829e-06,4.4994135e-06,0.89770631,0.00043002823,Lantana,Snake weed
F01_seed123_test.csv,20170630-153907-0.jpg,8,0,0.57822042,0.0027765205,3.265731e-05,7.4832373e-06,6.0073046e-05,0.00010773008,0.00079710712,0.00062205774,0.41737595,Negative,Chinee apple
F01_seed123_test.csv,20170630-155109-0.jpg,7,8,0.001454769,0.00040670264,4.6657124e-05,2.9319671e-06,5.3770779e-06,0.0019871195,1.2933858e-05,0.0074122309,0.98867128,Snake weed,Negative
F01_seed123_test.csv,20170630-155129-0.jpg,7,8,0.00034750941,0.0042022252,0.00012050348,8.1606102e-07,8.3958379e-06,5.1018656e-05,3.3927963e-05,0.00042704445,0.99480856,Snake weed,Negative
F01_seed123_test.csv,20170704-153719-0.jpg,0,8,0.1436106,0.0014404728,4.5097287e-07,0.0025785503,2.0239053e-07,1.3643447e-05,1.8753613e-06,0.00042219584,0.85193201,Chinee apple,Negative
F01_seed123_test.csv,20170704-153756-0.jpg,7,8,0.079276808,0.014927861,0.00092549563,0.013948979,0.0015248402,0.00084330887,0.0029482974,0.11330859,0.77229581,Snake weed,Negative
F01_seed123_test.csv,20170704-153838-0.jpg,7,6,0.0072779147,0.0037601986,2.5817322e-05,0.00013229011,3.6119605e-06,1.6561594e-05,0.88825428,0.052161246,0.048368077,Snake weed,Siam weed
F01_seed123_test.csv,20170705-161037-0.jpg,7,0,0.57934409,2.1421593e-05,2.0111877e-05,0.00011881199,0.00037281392,2.1373088e-05,1.8021135e-06,0.40734318,0.012756398,Snake weed,Chinee apple
F01_seed123_test.csv,20170705-162907-0.jpg,0,8,0.10295816,2.7464683e-05,3.5595214e-05,0.0058152637,8.7059743e-06,1.7588996e-05,1.1441201e-06,0.12110859,0.77002749,Chinee apple,Negative
F01_seed123_test.csv,20170706-113305-0.jpg,7,8,0.00010335682,5.697368e-05,2.984516e-06,8.0183769e-06,6.8256372e-06,5.8015186e-07,2.6217595e-06,0.0026271917,0.99719145,Snake weed,Negative
F01_seed123_test.csv,20170706-113440-0.jpg,7,8,0.001465282,0.00026356439,1.7505054e-06,3.0358219e-06,2.3983251e-06,5.8957423e-07,2.1802435e-06,0.39025218,0.60800902,Snake weed,Negative
F01_seed123_test.csv,20170707-111904-0.jpg,0,7,0.078030362,0.00011163159,4.5456444e-06,0.0029586964,0.00028257694,1.3943559e-06,9.211099e-07,0.7709742,0.14763567,Chinee apple,Snake weed
F01_seed123_test.csv,20170711-113440-0.jpg,7,8,0.007725316,0.00010074055,0.00020584937,0.013590981,0.0023561387,2.2401749e-05,2.7681073e-05,0.15652853,0.81944236,Snake weed,Negative
F01_seed123_test.csv,20170718-100509-2.jpg,0,8,0.076694079,0.00042266078,6.123723e-06,0.00029674851,7.2229309e-06,9.8723924e-06,2.6782401e-05,0.063401186,0.85913532,Chinee apple,Negative
F01_seed123_test.csv,20170718-101135-2.jpg,0,8,0.00308703,0.00059969146,1.2937657e-06,5.5855897e-05,4.0813655e-06,5.5692665e-07,5.8982544e-07,0.0039341824,0.99231672,Chinee apple,Negative
F01_seed123_test.csv,20170718-101313-2.jpg,0,7,0.35753554,0.01345964,5.6192896e-06,6.8411717e-05,0.002063157,0.00029763323,5.7832851e-06,0.60545145,0.021112761,Chinee apple,Snake weed
F01_seed123_test.csv,20170718-133537-2.jpg,0,8,0.012895068,0.0001469357,8.488848e-06,2.5612939e-05,6.0377761e-06,3.9248188e-06,2.5202125e-06,0.00038034014,0.98653107,Chinee apple,Negative
F01_seed123_test.csv,20170727-111533-3.jpg,4,2,0.0019191716,3.3152472e-05,0.4539185,0.0057001557,0.42797571,0.0017884435,0.00011201048,9.8694162e-05,0.10845416,Prickly acacia,Parkinsonia
F01_seed123_test.csv,20170727-134721-1.jpg,4,8,0.0005231142,7.3011377e-05,0.00014994798,0.0048770442,0.28407557,2.3629475e-05,1.8390749e-05,0.000781808,0.70947748,Prickly acacia,Negative
F01_seed123_test.csv,20170727-143021-1.jpg,4,8,0.00011752882,2.8915754e-05,0.0035034063,0.0004838074,0.45698174,7.1316691e-05,0.00026183623,0.00011307652,0.53843837,Prickly acacia,Negative
F01_seed123_test.csv,20170727-154701-1.jpg,4,8,0.0007775863,0.00014321158,0.0020630765,5.8920095e-05,0.49142118,8.4201407e-05,0.00022655652,3.8088456e-05,0.50518718,Prickly acacia,Negative
F01_seed123_test.csv,20170728-152608-1.jpg,8,4,0.00010025926,5.5775357e-06,0.0031538186,0.090363976,0.67052049,4.056463e-05,1.5513965e-05,5.8239435e-05,0.23574156,Negative,Prickly acacia
F01_seed123_test.csv,20170728-152828-1.jpg,8,4,9.8323617e-06,4.7663302e-06,0.15339366,7.9533007e-05,0.77652508,6.5754094e-06,3.5566503e-05,1.0935061e-05,0.069934059,Negative,Prickly acacia
F01_seed123_test.csv,20170728-152836-2.jpg,4,8,7.059585e-05,4.3851756e-05,1.4748473e-05,8.8581272e-05,0.039726388,7.7905384e-06,2.1864124e-05,0.00019526746,0.95983091,Prickly acacia,Negative
F01_seed123_test.csv,20170729-091822-2.jpg,8,4,1.8146585e-05,1.5287716e-05,2.0061723e-05,0.00017654255,0.95563234,3.5977462e-06,3.0184596e-06,9.1035046e-06,0.044121898,Negative,Prickly acacia
F01_seed123_test.csv,20170804-132513-1.jpg,1,8,0.0056457614,0.19700524,1.1481474e-05,1.0628632e-05,1.9564667e-05,0.0018180182,0.0060689174,0.00032403627,0.78909635,Lantana,Negative
F01_seed123_test.csv,20170804-132738-1.jpg,0,8,0.04315128,0.005321973,2.4671372e-05,0.00085731353,1.9988233e-06,0.0036972574,7.707161e-06,0.00088513766,0.94605266,Chinee apple,Negative
F01_seed123_test.csv,20170811-133725-1.jpg,0,7,0.034999395,0.0017407639,2.4379943e-06,1.6014368e-05,2.9027789e-06,8.2282586e-06,7.0438194e-05,0.56835531,0.39480451,Chinee apple,Snake weed
F01_seed123_test.csv,20170811-163711-1.jpg,0,8,0.14017969,7.4951085e-05,3.984003e-06,0.00012125173,1.5926611e-05,0.00011975096,1.301901e-05,0.027494565,0.83197686,Chinee apple,Negative
F01_seed123_test.csv,20170906-130826-1.jpg,3,4,0.00043556705,9.3900606e-05,0.11685833,0.36957375,0.47499146,0.00040199474,4.9750481e-05,0.00011198167,0.037483265,Parthenium,Prickly acacia
F01_seed123_test.csv,20170906-132157-1.jpg,3,2,5.7743495e-05,3.229098e-05,0.67131954,0.057137426,0.26420424,3.6481362e-05,1.4616933e-05,9.3943707e-05,0.0071037182,Parthenium,Parkinsonia
F01_seed123_test.csv,20170913-110258-1.jpg,3,4,0.00054963571,0.002331407,0.0049638091,0.0077314569,0.77623099,0.0020103461,4.7274745e-05,0.00022309403,0.20591198,Parthenium,Prickly acacia
F01_seed123_test.csv,20170920-131101-2.jpg,2,8,0.00062865304,0.00010254525,0.09809468,0.00058501008,0.0047181669,0.00091500258,0.00022470026,9.6954098e-05,0.89463429,Parkinsonia,Negative
F01_seed123_test.csv,20170920-134648-2.jpg,2,4,0.00013268427,1.4678989e-05,0.26125054,0.0045739488,0.55628731,8.7213945e-06,0.00041887644,0.00031079051,0.17700245,Parkinsonia,Prickly acacia
F01_seed123_test.csv,20171025-074720-3.jpg,7,1,0.000314359,0.82300845,1.4841845e-05,0.0012458055,6.9886521e-06,1.0622041e-05,2.9582659e-06,0.085909695,0.089486282,Snake weed,Lantana
F01_seed123_test.csv,20171025-075137-1.jpg,3,8,0.001792183,0.00033125937,2.9469062e-06,0.36927363,0.00010370524,6.2819401e-05,6.6697521e-06,0.00049519297,0.62793159,Parthenium,Negative
F01_seed123_test.csv,20171025-075230-2.jpg,3,0,0.99422238,8.0939421e-05,3.9007089e-07,0.0035609257,1.1970784e-06,3.9533334e-06,2.4568497e-07,0.00081083302,0.0013191374,Parthenium,Chinee apple
F01_seed123_test.csv,20171102-093339-2.jpg,4,8,0.0015149128,0.00011337186,1.2042002e-05,0.00072753601,0.030689665,7.8606169e-06,9.7962419e-07,0.0004160214,0.96651761,Prickly acacia,Negative
F01_seed123_test.csv,20171102-093459-1.jpg,4,8,0.00023166063,0.00027470236,0.19349526,0.0089759429,0.05151973,1.8013561e-05,4.3755299e-05,0.00055584131,0.74488509,Prickly acacia,Negative
F01_seed123_test.csv,20171102-095632-3.jpg,4,8,0.033293481,0.0001309949,0.00034122848,5.0622457e-05,0.033409838,3.2418035e-05,2.3578938e-06,5.9105584e-05,0.93267995,Prickly acacia,Negative
F01_seed123_test.csv,20171102-100322-1.jpg,8,4,0.00024365529,0.00059390378,0.00020901503,0.0026328111,0.90066959,7.6233455e-06,3.3387407e-06,0.00041309909,0.095226968,Negative,Prickly acacia
F01_seed123_test.csv,20171102-100343-2.jpg,8,4,3.6366169e-05,6.0784554e-05,1.1580955e-05,1.8991947e-05,0.97523829,1.0615772e-06,4.0095247e-07,1.1826204e-06,0.024631338,Negative,Prickly acacia
F01_seed123_test.csv,20171102-103146-2.jpg,2,8,0.03718694,9.1009493e-05,0.1094854,0.003319863,0.0094158866,6.0304235e-05,3.399301e-05,0.0044771347,0.83592946,Parkinsonia,Negative
F01_seed123_test.csv,20171102-123002-2.jpg,2,0,0.9685149,0.00030818195,0.0055865939,2.4127726e-05,0.0014376374,0.00011355086,3.2858117e-05,7.2659515e-05,0.023909494,Parkinsonia,Chinee apple
F01_seed123_test.csv,20171109-085448-2.jpg,5,8,0.0002337604,0.0084828738,1.3928813e-05,0.00018771317,1.8338713e-05,0.14102828,7.0164009e-05,4.5413972e-05,0.84991952,Rubber vine,Negative
F01_seed123_test.csv,20171113-060629-1.jpg,5,8,0.00018363033,0.00012798828,1.7317219e-06,5.9909731e-05,2.1272893e-06,0.046440133,3.5376617e-05,2.9930197e-05,0.95311917,Rubber vine,Negative
F01_seed123_test.csv,20171113-093432-1.jpg,5,8,0.00034592489,1.4334344e-05,5.3120777e-05,0.00037398231,0.0001509256,0.0048252607,0.00074634811,0.0020342677,0.99145584,Rubber vine,Negative
F01_seed123_test.csv,20171113-093641-3.jpg,5,7,0.050045698,0.0012289881,0.00013877901,0.0088357373,0.00020964304,0.092910492,0.00066338829,0.65461234,0.19135493,Rubber vine,Snake weed
F01_seed123_test.csv,20171113-101506-1.jpg,5,8,3.6943504e-05,4.8086874e-05,1.5509137e-06,6.5925564e-05,1.2924789e-06,0.0011161065,1.1603658e-06,1.652549e-05,0.99871241,Rubber vine,Negative
F01_seed123_test.csv,20171113-101809-1.jpg,5,8,0.00017514574,0.00014087106,6.9752123e-06,8.4006876e-05,5.7763707e-06,0.00782069,7.9160849e-06,3.8820276e-05,0.9917198,Rubber vine,Negative
F01_seed123_test.csv,20171113-135507-3.jpg,6,8,1.3545989e-06,1.2845476e-05,4.326712e-07,1.684672e-06,1.0727487e-06,7.9007099e-07,0.17509364,0.00017829686,0.82470988,Siam weed,Negative
F01_seed123_test.csv,20171113-135825-1.jpg,6,8,0.0013638289,0.030900433,1.0055186e-05,3.1851494e-05,6.7057876e-06,0.00047417879,0.043176011,0.001591204,0.92244573,Siam weed,Negative
F01_seed123_test.csv,20171113-145418-1.jpg,6,8,3.0727079e-05,0.0011335536,7.2227287e-06,1.3434995e-05,2.5131407e-05,4.3186578e-05,0.49697843,0.0018901004,0.49987822,Siam weed,Negative
F01_seed123_test.csv,20171113-150301-1.jpg,6,8,5.0837827e-05,4.9006198e-05,6.3095659e-06,1.2231413e-05,2.1321661e-05,2.2646185e-05,0.22068426,1.5467585e-05,0.77913792,Siam weed,Negative
F01_seed123_test.csv,20171201-120803-1.jpg,8,5,0.00042312559,0.00026398043,8.834037e-06,0.0001800867,1.0395716e-05,0.72165417,4.6832449e-05,0.00011352513,0.27729905,Negative,Rubber vine
F01_seed123_test.csv,20171205-144647-2.jpg,8,5,0.00016706801,0.00060913442,2.23434e-06,2.0820834e-05,2.2534088e-06,0.84492652,0.0085899753,8.0619366e-05,0.14560138,Negative,Rubber vine
F01_seed123_test.csv,20171217-183729-2.jpg,8,4,1.7341425e-05,1.1594521e-05,8.3392834e-06,4.899493e-06,0.98125776,1.0959249e-06,1.5927595e-07,1.6462885e-06,0.01869716,Negative,Prickly acacia
F01_seed123_test.csv,20171220-091052-2.jpg,8,5,0.00010360461,2.1813215e-05,7.015247e-06,1.6488595e-05,2.918144e-06,0.54342923,9.3559264e-06,1.9222387e-05,0.45639035,Negative,Rubber vine
F01_seed123_test.csv,20171220-091952-2.jpg,8,1,8.4065339e-05,0.59544832,1.9899381e-06,1.5987627e-06,1.3361736e-06,0.002834924,0.0011684607,7.936698e-05,0.40037994,Negative,Lantana
F01_seed123_test.csv,20180109-070954-2.jpg,8,6,2.1464747e-06,5.7894379e-05,6.8267455e-07,1.5503967e-07,1.8181331e-06,2.9406443e-07,0.99938665,5.1901014e-07,0.00054983708,Negative,Siam weed
F01_seed123_test.csv,20180109-094515-2.jpg,7,8,0.035553767,3.9924543e-05,2.2324918e-06,1.0689637e-05,5.0427499e-06,1.6480059e-05,8.591763e-06,0.014757948,0.94960532,Snake weed,Negative
F01_seed123_test.csv,20180109-103614-2.jpg,8,7,0.033984353,6.2718943e-05,3.0190087e-05,0.00038132905,4.7490793e-05,9.586672e-07,2.0241829e-05,0.5475776,0.41789512,Negative,Snake weed
F01_seed2026_test.csv,20170130-102525-0.jpg,1,8,0.038727325,0.34149695,0.00060082512,7.2201259e-05,5.2484145e-05,0.00077726191,0.0001106287,0.039511519,0.5786508,Lantana,Negative
F01_seed2026_test.csv,20170130-102736-0.jpg,1,8,0.011640577,0.10990186,0.00039747906,0.00010502804,4.4356568e-05,0.0047648685,2.7156795e-05,0.00044442435,0.87267425,Lantana,Negative
F01_seed2026_test.csv,20170207-153439-0.jpg,0,7,0.40079467,0.00022363215,1.2806211e-05,8.6109026e-06,7.6257909e-06,1.4974333e-05,1.4047183e-05,0.59847652,0.00044711776,Chinee apple,Snake weed
F01_seed2026_test.csv,20170207-153455-0.jpg,0,7,0.11593518,1.9953445e-05,3.8500809e-06,1.2327754e-06,3.876282e-06,3.9288644e-06,2.7898306e-06,0.88400057,2.8618916e-05,Chinee apple,Snake weed
F01_seed2026_test.csv,20170210-132033-0.jpg,0,8,0.17888255,8.4527223e-05,0.00076527354,6.6127835e-05,0.00010820049,3.2768511e-05,2.7450243e-05,0.008532606,0.81150049,Chinee apple,Negative
F01_seed2026_test.csv,20170405-160310-0.jpg,8,0,0.99944905,8.6528751e-07,3.9972827e-06,7.4929061e-06,5.2595177e-07,0.00028230264,5.3194196e-07,0.00019913123,5.6102565e-05,Negative,Chinee apple
F01_seed2026_test.csv,20170410-124336-0.jpg,0,8,0.32576912,0.00014239804,5.4274799e-05,0.00036269186,6.6749704e-06,0.0011018324,2.6463882e-06,0.15556626,0.5169941,Chinee apple,Negative
F01_seed2026_test.csv,20170521-153419-0.jpg,1,7,0.0046174771,0.1192181,1.0415884e-05,9.105839e-06,7.0791845e-06,3.6302571e-05,0.00054640262,0.8750669,0.00048821227,Lantana,Snake weed
F01_seed2026_test.csv,20170521-153505-0.jpg,1,7,0.00021314862,0.056542617,9.7542928e-07,5.9860911e-07,1.1165944e-06,2.1680661e-06,3.4784e-06,0.94320057,3.532776e-05,Lantana,Snake weed
F01_seed2026_test.csv,20170630-155109-0.jpg,7,8,0.012630683,0.00051429268,0.00028900937,2.2534108e-05,9.726508e-06,0.0044914465,5.2909639e-05,0.24423647,0.73775293,Snake weed,Negative
F01_seed2026_test.csv,20170630-155129-0.jpg,7,8,0.00010545328,0.00021918711,0.00018793667,1.8154649e-06,3.4388627e-06,2.9666217e-05,4.4701838e-05,0.00074948737,0.99865831,Snake weed,Negative
F01_seed2026_test.csv,20170704-153719-0.jpg,0,7,0.33326982,0.0031934865,1.726748e-05,0.096604231,1.1570328e-05,4.5404853e-05,4.4176111e-05,0.54129736,0.025516685,Chinee apple,Snake weed
F01_seed2026_test.csv,20170704-153756-0.jpg,7,8,0.011764595,0.00012163227,0.00049153746,0.0051865637,3.8399983e-05,4.897018e-05,0.00086404149,0.071002357,0.9104819,Snake weed,Negative
F01_seed2026_test.csv,20170705-162506-0.jpg,7,0,0.92251227,0.00019115217,2.145973e-05,0.00041563076,0.00050324333,0.00040143509,5.0097004e-06,0.06694007,0.0090097306,Snake weed,Chinee apple
F01_seed2026_test.csv,20170706-113305-0.jpg,7,8,0.00012050174,0.00017722682,3.6547563e-05,7.8628932e-05,8.5340134e-05,4.5016466e-06,8.4544561e-07,0.0015558748,0.99794053,Snake weed,Negative
F01_seed2026_test.csv,20170707-111904-0.jpg,0,7,0.085761996,0.00058475171,6.3299283e-05,0.013742104,0.00057347228,8.2094448e-06,2.7867839e-05,0.70789694,0.19134136,Chinee apple,Snake weed
F01_seed2026_test.csv,20170711-113440-0.jpg,7,8,0.00049048093,0.00039750961,0.00096651994,0.0013801344,0.0071637418,1.7561084e-05,8.365709e-06,0.1060008,0.88357489,Snake weed,Negative
F01_seed2026_test.csv,20170711-115907-0.jpg,0,8,0.47001241,4.8729728e-05,0.0011946372,0.00033817774,2.4995411e-05,2.2282575e-05,0.00026569312,0.0049820222,0.52311105,Chinee apple,Negative
F01_seed2026_test.csv,20170718-101135-2.jpg,0,8,0.0054308002,0.0008299727,3.3766411e-06,1.2517366e-06,3.008748e-06,4.9101441e-06,7.5295962e-07,0.00021703744,0.99350889,Chinee apple,Negative
F01_seed2026_test.csv,20170718-133537-2.jpg,0,8,0.0055725401,0.00048345494,3.5780422e-05,8.3581003e-05,4.2585136e-07,2.0654734e-05,1.1535363e-06,0.00021083206,0.99359158,Chinee apple,Negative
F01_seed2026_test.csv,20170727-111533-3.jpg,4,2,0.015472204,0.00021583653,0.84721477,0.012361915,0.012650948,0.0037029445,7.6325238e-05,0.0038632745,0.10444178,Prickly acacia,Parkinsonia
F01_seed2026_test.csv,20170727-134721-1.jpg,4,8,0.0014997714,0.00032440793,0.0018316813,0.022366749,0.45728779,0.00014562204,6.5372515e-05,0.0045507919,0.51192781,Prickly acacia,Negative
F01_seed2026_test.csv,20170727-152712-1.jpg,8,4,0.0003091231,8.9535928e-05,0.00033873148,0.00090694928,0.87147056,0.00029528291,6.5983916e-05,0.00020110159,0.12632273,Negative,Prickly acacia
F01_seed2026_test.csv,20170728-152608-1.jpg,8,4,0.00099463545,8.4703234e-05,0.0067416835,0.0039025708,0.92742151,0.0009362429,4.8925184e-05,0.00026827013,0.05960146,Negative,Prickly acacia
F01_seed2026_test.csv,20170728-152828-1.jpg,8,2,2.8411148e-05,4.2963751e-06,0.99660719,3.8034414e-05,0.0019272779,4.2918734e-06,5.4770592e-06,2.9608981e-05,0.0013554169,Negative,Parkinsonia
F01_seed2026_test.csv,20170728-152836-2.jpg,4,8,0.00016213753,4.2190617e-05,7.6880065e-06,0.00024843833,0.20048109,3.0044541e-05,9.0055437e-05,0.00089838878,0.79803996,Prickly acacia,Negative
F01_seed2026_test.csv,20170729-091822-2.jpg,8,4,1.0145812e-05,3.9479584e-06,6.6604617e-06,2.4798276e-05,0.98984877,2.7112884e-06,1.5468793e-06,4.9884517e-06,0.010096427,Negative,Prickly acacia
F01_seed2026_test.csv,20170804-132513-1.jpg,1,8,0.0013955081,0.052737544,3.9663452e-06,2.1421778e-06,5.9111166e-06,0.0026306361,0.0025951882,8.4769976e-05,0.94054433,Lantana,Negative
F01_seed2026_test.csv,20170811-133725-1.jpg,0,8,0.025535999,0.0013800055,4.9120317e-05,8.0975109e-06,4.764698e-06,0.00037018688,7.6494616e-05,0.11279294,0.85978239,Chinee apple,Negative
F01_seed2026_test.csv,20170906-104054-1.jpg,3,4,0.094242736,0.0028759944,0.00077637428,0.017613219,0.67055941,0.00043754524,2.0798332e-05,0.01197706,0.20149687,Parthenium,Prickly acacia
F01_seed2026_test.csv,20170906-112804-2.jpg,3,8,0.00023455743,0.00015610342,3.0736038e-06,0.12020153,0.0071841659,2.5932903e-05,1.9496503e-07,6.2921099e-05,0.87213152,Parthenium,Negative
F01_seed2026_test.csv,20170906-130826-1.jpg,3,4,0.00016311899,0.00013632228,0.020096966,0.070645771,0.48508887,7.6000513e-05,0.00029337025,0.001134511,0.42236507,Parthenium,Prickly acacia
F01_seed2026_test.csv,20170906-132157-1.jpg,3,2,0.00088288388,0.0005484938,0.61338699,0.042654927,0.32175751,5.753783e-05,7.0842935e-05,0.0014928413,0.019147972,Parthenium,Parkinsonia
F01_seed2026_test.csv,20170913-110258-1.jpg,3,5,0.00065398641,0.0014216088,0.00043883829,0.26133083,0.15967362,0.55740261,2.3136634e-05,6.4162116e-05,0.018991201,Parthenium,Rubber vine
F01_seed2026_test.csv,20170920-131101-2.jpg,2,8,0.0010251631,0.00011506371,0.30715988,0.00073679857,0.022806619,0.00048409883,0.00010897367,0.00032452177,0.66723888,Parkinsonia,Negative
F01_seed2026_test.csv,20171102-093459-1.jpg,4,2,9.9956988e-05,0.00020321831,0.65264806,0.0064806764,0.092400776,3.6105206e-05,8.9493687e-06,0.00011590404,0.24800635,Prickly acacia,Parkinsonia
F01_seed2026_test.csv,20171102-095632-3.jpg,4,8,0.0058991321,2.0506522e-05,0.000187555,0.000126132,0.010685996,2.3299165e-05,1.2988416e-06,0.00014670729,0.98290937,Prickly acacia,Negative
F01_seed2026_test.csv,20171102-100322-1.jpg,8,4,0.00012622564,0.00074361963,0.00019282067,0.0009745173,0.97219022,1.7568197e-05,5.7874401e-06,0.00019209114,0.025557154,Negative,Prickly acacia
F01_seed2026_test.csv,20171102-100343-2.jpg,8,4,3.8921972e-05,3.6653285e-05,8.8352182e-06,4.9918997e-05,0.96771967,3.704285e-06,1.4054926e-06,1.1224124e-05,0.032129662,Negative,Prickly acacia
F01_seed2026_test.csv,20171102-123002-2.jpg,2,0,0.9073439,0.0030459904,0.016622751,0.00022066451,0.0010537254,0.02177399,0.00015869536,0.0029051561,0.04687513,Parkinsonia,Chinee apple
F01_seed2026_test.csv,20171113-060629-1.jpg,5,8,2.5542113e-05,4.1748e-07,3.3259357e-07,1.631995e-05,2.5269709e-07,0.0058354018,2.5549495e-06,5.0075772e-06,0.99411417,Rubber vine,Negative
F01_seed2026_test.csv,20171113-093432-1.jpg,5,8,0.00029904104,6.8580336e-06,4.0398357e-05,7.8068479e-05,5.8396918e-05,0.014950067,2.4528408e-05,0.00031920563,0.98422344,Rubber vine,Negative
F01_seed2026_test.csv,20171113-101506-1.jpg,5,8,0.0012389689,0.00027186031,3.1077074e-05,0.00025058148,1.2235738e-05,0.054775718,2.1713954e-05,0.00049367606,0.94290417,Rubber vine,Negative
F01_seed2026_test.csv,20171113-101809-1.jpg,5,8,0.00061073419,3.9304387e-05,3.7515033e-06,0.00010633894,6.0670957e-06,0.064043493,3.3703404e-05,9.5605614e-05,0.935061,Rubber vine,Negative
F01_seed2026_test.csv,20171113-135825-1.jpg,6,8,0.0016412237,0.014702616,1.406488e-05,2.547281e-05,7.4350435e-07,8.8235356e-05,0.0050744992,0.00091028238,0.97754286,Siam weed,Negative
F01_seed2026_test.csv,20171113-150301-1.jpg,6,8,6.5766382e-06,1.2170797e-05,9.794911e-06,4.7508934e-06,1.7090503e-05,1.9180989e-06,0.21607395,1.5803708e-05,0.78385795,Siam weed,Negative
F01_seed2026_test.csv,20171201-120803-1.jpg,8,5,0.00032263489,0.001800837,2.9782088e-06,0.00040550944,2.052551e-06,0.57668692,4.58775e-05,7.7557473e-05,0.42065563,Negative,Rubber vine
F01_seed2026_test.csv,20171219-112038-2.jpg,8,4,0.00016423219,2.2320516e-05,0.00023122713,1.5229629e-05,0.91268359,0.011935602,0.00061160557,0.00019436326,0.074141832,Negative,Prickly acacia
F01_seed2026_test.csv,20171219-114325-3.jpg,8,2,6.2555445e-05,1.2778996e-06,0.91158786,1.0993459e-05,0.00040312108,1.0159577e-05,0.000331567,3.6580869e-05,0.08755588,Negative,Parkinsonia
F01_seed2026_test.csv,20171220-092024-2.jpg,8,1,0.0034424395,0.84346337,7.7732899e-06,6.3721795e-06,1.4395421e-05,0.00051592503,0.0016682727,0.0003184032,0.15056305,Negative,Lantana
F01_seed2026_test.csv,20180109-070954-2.jpg,8,6,2.3828254e-05,0.0002598215,2.6042259e-06,2.6381986e-07,8.6342736e-06,5.2470698e-07,0.99524581,1.5966168e-05,0.0044425434,Negative,Siam weed
F01_seed2026_test.csv,20180109-085343-2.jpg,8,7,0.0031182882,0.075554719,1.8660141e-05,0.0068555069,2.0222184e-05,0.00011823094,1.6726587e-05,0.70490678,0.20939086,Negative,Snake weed
F01_seed2026_test.csv,20180109-094515-2.jpg,7,8,0.058861533,7.8665229e-05,2.458544e-05,8.4361473e-05,1.5380367e-05,0.00027730386,2.1083747e-05,0.063382779,0.87725431,Snake weed,Negative
F01_seed2026_test.csv,20180109-103614-2.jpg,8,0,0.53111664,2.3032488e-05,0.00038472829,0.00025777762,0.00018311088,1.0311513e-05,7.4173115e-06,0.018401227,0.44961576,Negative,Chinee apple
F01_seed2026_test.csv,20180125-130032-3.jpg,8,1,5.8268229e-05,0.8828632,2.5087664e-06,5.5601798e-07,2.633378e-05,1.0443155e-06,0.0011486006,2.1948555e-05,0.11587754,Negative,Lantana
F01_seed42_test.csv,20161207-111508-0.jpg,0,8,0.28778454,1.0325945e-05,2.5716924e-05,4.9091334e-06,5.011018e-06,0.15346371,2.722955e-05,0.0022514206,0.55642714,Chinee apple,Negative
F01_seed42_test.csv,20161207-143344-0.jpg,7,8,0.0018690794,0.00010218245,2.2287075e-05,0.021321577,6.7435896e-06,0.0019316107,6.0716609e-05,0.018614221,0.95607158,Snake weed,Negative
F01_seed42_test.csv,20170130-102736-0.jpg,1,8,0.0032537791,0.18971436,1.1205869e-05,4.6109851e-05,6.2076306e-06,0.00095097594,7.7668677e-07,1.8875996e-05,0.80599771,Lantana,Negative
F01_seed42_test.csv,20170207-153439-0.jpg,0,7,0.027631935,6.6561605e-06,5.0750513e-07,1.0536892e-07,1.4381684e-07,7.6989942e-07,5.9937416e-07,0.97234736,1.1923173e-05,Chinee apple,Snake weed
F01_seed42_test.csv,20170207-153455-0.jpg,0,7,0.44094882,7.5637613e-05,2.5528365e-06,6.0677222e-07,2.1232619e-07,5.7823729e-07,1.5582631e-06,0.55896541,4.6239025e-06,Chinee apple,Snake weed
F01_seed42_test.csv,20170207-154046-0.jpg,0,7,0.1835789,9.4659997e-05,1.034913e-06,2.2635254e-06,1.8898345e-07,0.00012166188,1.1285552e-06,0.81557755,0.00062261005,Chinee apple,Snake weed
F01_seed42_test.csv,20170210-141430-0.jpg,7,1,0.13179715,0.41423128,0.022767606,0.002111799,6.9607358e-05,0.00035060487,9.5307986e-05,0.37000643,0.058570212,Snake weed,Lantana
F01_seed42_test.csv,20170217-145646-0.jpg,0,7,0.017770129,7.5011454e-08,1.6950649e-07,4.5246885e-08,2.9010025e-09,9.2672198e-08,1.5769853e-07,0.98222867,6.5580234e-07,Chinee apple,Snake weed
F01_seed42_test.csv,20170405-160310-0.jpg,8,0,0.99993679,1.5328384e-06,6.9393057e-07,8.3721847e-07,1.3014627e-07,2.1852109e-05,3.7236333e-07,3.4901871e-05,2.8857475e-06,Negative,Chinee apple
F01_seed42_test.csv,20170410-124336-0.jpg,0,7,0.020241906,5.1361796e-05,2.0426356e-05,5.0980665e-05,7.2906965e-06,7.7730652e-05,4.0098603e-06,0.91789563,0.061650665,Chinee apple,Snake weed
F01_seed42_test.csv,20170521-153419-0.jpg,1,7,1.4085113e-05,0.00011317342,5.6012506e-07,4.3797588e-07,5.9532031e-08,6.1601655e-07,3.5373329e-06,0.99986491,2.6247712e-06,Lantana,Snake weed
F01_seed42_test.csv,20170521-153505-0.jpg,1,7,1.2173112e-05,0.0050574708,5.5897618e-06,9.9190301e-07,1.7457139e-06,6.4454553e-07,3.3506792e-06,0.99458102,0.00033701217,Lantana,Snake weed
F01_seed42_test.csv,20170627-105314-0.jpg,0,3,0.10416072,0.00070505925,0.0059473578,0.53780197,0.0049008431,0.00025499459,0.00045767579,0.021182559,0.32458882,Chinee apple,Parthenium
F01_seed42_test.csv,20170630-153511-0.jpg,8,7,0.20516226,0.027370957,1.9586736e-05,0.00012294896,2.4745838e-05,7.909677e-05,3.2688595e-06,0.50284369,0.26437345,Negative,Snake weed
F01_seed42_test.csv,20170630-155109-0.jpg,7,8,0.0051059128,8.5426636e-06,8.5430017e-06,2.1572706e-06,1.2981451e-06,9.0360995e-05,3.9282546e-06,0.17817143,0.81660783,Snake weed,Negative
F01_seed42_test.csv,20170630-155129-0.jpg,7,8,3.9190428e-05,1.0236742e-05,2.0781546e-05,3.178797e-07,5.7878272e-07,5.8972377e-06,3.5084756e-05,0.0031291096,0.9967588,Snake weed,Negative
F01_seed42_test.csv,20170704-153756-0.jpg,7,8,0.2907523,8.6565746e-05,0.00063975888,0.00021369402,0.00025858507,0.00083074163,6.6858702e-05,0.064384478,0.64276702,Snake weed,Negative
F01_seed42_test.csv,20170705-162506-0.jpg,7,0,0.94372603,7.4349838e-05,4.0068559e-06,3.7736751e-06,1.7089556e-06,8.8642137e-05,3.7809273e-07,0.055940797,0.00016031129,Snake weed,Chinee apple
F01_seed42_test.csv,20170705-162907-0.jpg,0,8,0.039857769,4.4890988e-06,0.00022594627,0.0014674277,2.6827155e-05,5.4934713e-05,3.7364588e-06,0.021530565,0.9368283,Chinee apple,Negative
F01_seed42_test.csv,20170706-110048-0.jpg,7,8,0.054140645,0.0033600879,8.1180587e-05,0.0028183248,3.7786347e-05,7.1441506e-05,3.8260174e-05,0.17098523,0.76846704,Snake weed,Negative
F01_seed42_test.csv,20170706-113305-0.jpg,7,8,0.00092282499,0.00014815975,9.1994497e-05,3.3527298e-05,0.00016997548,2.8059274e-06,1.0106426e-05,0.0031096228,0.99551098,Snake weed,Negative
F01_seed42_test.csv,20170707-111523-0.jpg,7,2,0.047553552,0.0065531835,0.48955948,0.0053991143,0.020873914,0.00047005649,6.0995037e-05,0.18493595,0.24459376,Snake weed,Parkinsonia
F01_seed42_test.csv,20170707-111904-0.jpg,0,8,0.32179972,0.00023809051,0.00013743213,0.0050761228,0.02022394,5.0112706e-05,5.4662904e-05,0.30737466,0.34504526,Chinee apple,Negative
F01_seed42_test.csv,20170711-113440-0.jpg,7,8,0.05510218,0.0006180221,0.010876786,0.10503979,0.0043820564,0.00019621399,0.00010457054,0.22692955,0.59675083,Snake weed,Negative
F01_seed42_test.csv,20170714-110825-1.jpg,1,8,0.0027763839,0.1173173,3.8762318e-05,2.7620837e-05,0.00029631445,7.9626164e-06,7.7829822e-05,0.0014162834,0.87804154,Lantana,Negative
F01_seed42_test.csv,20170718-101135-2.jpg,0,8,0.00047838493,0.00011048423,3.7019488e-07,2.2285717e-06,1.9059843e-07,8.6593207e-06,1.7759815e-07,9.8050442e-05,0.99930145,Chinee apple,Negative
F01_seed42_test.csv,20170718-133254-2.jpg,7,0,0.71302671,2.3484252e-05,6.183818e-06,6.0916653e-05,2.2535976e-06,3.980152e-05,1.1039333e-06,0.27559807,0.011241478,Snake weed,Chinee apple
F01_seed42_test.csv,20170718-133537-2.jpg,0,8,0.46306259,0.0010572559,3.1557559e-05,0.00012915538,1.1219459e-05,6.1987739e-05,2.9245624e-05,0.002223339,0.53339365,Chinee apple,Negative
F01_seed42_test.csv,20170727-134721-1.jpg,4,8,0.0017403636,0.00013881796,0.0010643606,0.0068475996,0.38054031,5.0489462e-05,4.9515104e-05,0.0074462237,0.60212232,Prickly acacia,Negative
F01_seed42_test.csv,20170727-152712-1.jpg,8,4,3.6358578e-05,6.0559499e-06,2.9547223e-05,1.7957819e-05,0.887171,0.00012526563,2.9282503e-06,1.2991452e-05,0.1125979,Negative,Prickly acacia
F01_seed42_test.csv,20170727-154716-1.jpg,4,8,7.2162386e-05,2.0618659e-05,0.0064189231,9.763902e-05,0.34449299,0.00017499895,9.7093711e-06,3.1035042e-05,0.64868193,Prickly acacia,Negative
F01_seed42_test.csv,20170728-152608-1.jpg,8,4,8.5440424e-05,7.9514447e-06,0.00040073808,0.0019103354,0.64488243,0.00063034314,6.1955555e-05,9.5982128e-05,0.35192483,Negative,Prickly acacia
F01_seed42_test.csv,20170728-152828-1.jpg,8,4,3.368274e-08,1.0129715e-08,0.00015343116,3.6035541e-07,0.99938977,5.0972614e-07,1.651329e-07,1.2512371e-07,0.00045559757,Negative,Prickly acacia
F01_seed42_test.csv,20170728-152836-2.jpg,4,8,4.2119515e-05,6.2292455e-06,6.7611114e-06,1.744193e-05,0.33089558,2.119191e-05,1.1049689e-05,0.00040611268,0.66859352,Prickly acacia,Negative
F01_seed42_test.csv,20170728-152926-3.jpg,8,4,6.5682672e-06,4.1432061e-06,7.2986643e-07,1.7636818e-05,0.72046169,0.00012942651,2.0972922e-06,4.0074494e-06,0.2793737,Negative,Prickly acacia
F01_seed42_test.csv,20170729-091822-2.jpg,8,4,3.231377e-05,2.1188525e-06,9.0084579e-06,4.4128897e-05,0.97597869,1.6223807e-05,1.6891974e-06,3.1153452e-05,0.023884676,Negative,Prickly acacia
F01_seed42_test.csv,20170804-132513-1.jpg,1,8,0.0081433992,0.093406582,6.2770996e-06,6.1983717e-06,9.7218515e-06,0.0010183028,0.0017476694,0.00019992498,0.89546192,Lantana,Negative
F01_seed42_test.csv,20170811-133725-1.jpg,0,8,0.00019716714,7.3077629e-05,1.6742724e-06,2.4321161e-06,1.3772793e-06,1.3289723e-05,2.1253361e-05,0.0080087314,0.991681,Chinee apple,Negative
F01_seed42_test.csv,20170906-092622-1.jpg,3,8,0.0001616913,3.4692776e-05,1.9217358e-05,0.010528783,0.035026571,2.1092923e-05,1.5990959e-05,0.00088713881,0.95330482,Parthenium,Negative
F01_seed42_test.csv,20170906-104054-1.jpg,3,4,0.025673375,0.00017832537,0.00076114127,0.090790757,0.74273306,0.00026995164,2.2696794e-05,0.0062813511,0.13328934,Parthenium,Prickly acacia
F01_seed42_test.csv,20170906-110707-1.jpg,3,4,0.0035502265,0.0012164209,0.0019951578,0.18528111,0.66110418,6.0695605e-05,0.00015618016,0.004650262,0.14198576,Parthenium,Prickly acacia
F01_seed42_test.csv,20170906-130537-1.jpg,3,4,1.4095302e-05,2.86737e-05,0.36145901,0.02178997,0.50035232,3.1441092e-06,5.8699558e-05,0.00067049216,0.11562359,Parthenium,Prickly acacia
F01_seed42_test.csv,20170906-130826-1.jpg,3,4,1.6849235e-06,1.0488906e-06,0.47385478,0.0010094579,0.51158651,6.4137856e-06,4.0481813e-06,1.8098666e-05,0.013517958,Parthenium,Prickly acacia
F01_seed42_test.csv,20170906-132157-1.jpg,3,2,1.1255612e-06,2.6799037e-07,0.99877662,8.3126724e-05,0.0009545783,1.8048387e-06,1.2097568e-07,1.4104566e-06,0.000180948,Parthenium,Parkinsonia
F01_seed42_test.csv,20170913-123800-1.jpg,5,8,9.0391212e-05,4.2559764e-06,8.6394583e-06,0.00060648951,0.016055039,0.093409462,4.0135968e-05,3.470213e-06,0.88978212,Rubber vine,Negative
F01_seed42_test.csv,20170920-131101-2.jpg,2,8,7.6612031e-05,8.1133188e-06,0.25524472,0.00016092926,0.04638459,0.0010104777,6.2081272e-06,1.6113272e-05,0.69709223,Parkinsonia,Negative
F01_seed42_test.csv,20171025-075230-2.jpg,3,0,0.68075056,0.00052167385,6.7219671e-06,0.31494807,4.1912711e-05,1.015835e-05,5.4343923e-06,0.0012379815,0.0024774939,Parthenium,Chinee apple
F01_seed42_test.csv,20171102-093459-1.jpg,4,2,2.7499686e-05,9.1387e-06,0.91154981,0.0012699175,0.047738818,4.4449115e-06,4.2320489e-06,5.3960052e-05,0.039342182,Prickly acacia,Parkinsonia
F01_seed42_test.csv,20171102-095632-3.jpg,4,8,0.025739833,8.0626807e-06,0.00036212856,8.1681597e-05,0.013773661,4.4983135e-06,7.8137142e-07,0.00028056858,0.95974878,Prickly acacia,Negative
F01_seed42_test.csv,20171102-100322-1.jpg,8,4,0.00089291948,0.00081690835,0.0016982333,0.0029695693,0.96380576,1.1319815e-05,5.7211358e-06,0.00090830711,0.028891266,Negative,Prickly acacia
F01_seed42_test.csv,20171102-100343-2.jpg,8,4,7.5058095e-06,1.7543991e-06,1.2732727e-06,7.2421762e-06,0.99872283,3.0437236e-07,1.3032539e-07,2.2753676e-06,0.0012566838,Negative,Prickly acacia
F01_seed42_test.csv,20171102-103617-3.jpg,2,4,3.8644605e-06,2.1486067e-06,0.4830534,1.5110612e-07,0.51663638,3.0032805e-05,3.7321859e-08,2.8908278e-07,0.00027370111,Parkinsonia,Prickly acacia
F01_seed42_test.csv,20171102-123002-2.jpg,2,0,0.74495571,0.0022930772,0.025367307,0.0001214396,0.035769263,0.0056142711,6.1002319e-05,0.0030586133,0.18275931,Parkinsonia,Chinee apple
F01_seed42_test.csv,20171109-085448-2.jpg,5,8,7.3504724e-05,0.0022985537,1.3762918e-05,6.7878206e-05,8.6943371e-06,0.29021052,3.0333306e-05,7.3326683e-06,0.70728942,Rubber vine,Negative
F01_seed42_test.csv,20171113-060629-1.jpg,5,8,3.9389346e-05,6.9489999e-06,3.2114801e-06,8.5792698e-06,1.7959205e-06,0.29043533,9.1763869e-05,6.4621055e-06,0.70940652,Rubber vine,Negative
F01_seed42_test.csv,20171113-093641-3.jpg,5,7,0.042724917,0.0070505163,7.6164339e-05,0.022953203,7.7241486e-05,0.048938909,0.00085698004,0.85124858,0.026073486,Rubber vine,Snake weed
F01_seed42_test.csv,20171113-101506-1.jpg,5,8,3.1045967e-05,7.8329536e-06,2.5927072e-06,6.9842905e-06,7.1817227e-07,0.021234977,2.9303236e-06,1.2475381e-05,0.97870044,Rubber vine,Negative
F01_seed42_test.csv,20171113-101809-1.jpg,5,8,5.3385213e-05,3.858627e-05,6.3404095e-06,1.2904206e-05,8.6671553e-06,0.22743402,1.1918675e-05,7.6293174e-06,0.77242655,Rubber vine,Negative
F01_seed42_test.csv,20171113-120908-2.jpg,6,8,2.9230241e-05,0.00033022521,3.9690741e-06,5.0933577e-06,5.3536353e-06,0.00075703163,0.48303658,0.0024580772,0.51337444,Siam weed,Negative
F01_seed42_test.csv,20171113-130049-2.jpg,6,8,2.8086575e-05,0.00017298201,3.3720416e-05,3.4928783e-05,1.6283486e-05,7.4103583e-05,0.16458162,0.0072001886,0.82785809,Siam weed,Negative
F01_seed42_test.csv,20171113-135825-1.jpg,6,8,0.0030656026,0.28748987,8.4236269e-05,3.6226216e-05,1.6552277e-05,0.0016738203,0.015398718,0.0065610722,0.6856739,Siam weed,Negative
F01_seed42_test.csv,20171121-082732-2.jpg,6,1,0.0011690401,0.58918811,5.621203e-05,0.0019413348,0.00055517246,0.00037761753,0.31846401,0.036397111,0.051851396,Siam weed,Lantana
F01_seed42_test.csv,20171205-134151-2.jpg,8,0,0.87554572,0.0037361779,8.6021044e-06,4.1531636e-05,6.9681402e-05,9.2688104e-05,1.9256758e-07,0.0021906285,0.11831478,Negative,Chinee apple
F01_seed42_test.csv,20171217-183729-2.jpg,8,4,5.9620785e-05,1.5127153e-05,2.600506e-05,9.6046649e-05,0.98480756,1.3962611e-06,3.0479744e-07,8.4238033e-06,0.01498552,Negative,Prickly acacia
F01_seed42_test.csv,20171220-091052-2.jpg,8,5,2.14561e-05,1.0868576e-06,1.9531578e-06,9.5716192e-07,5.8107731e-07,0.68368735,2.0719345e-06,2.8051438e-06,0.31628173,Negative,Rubber vine
F01_seed42_test.csv,20171220-100855-2.jpg,8,1,0.0033765479,0.5659425,1.649149e-05,3.984949e-05,6.7987708e-06,0.00038104067,0.016559204,0.21516932,0.19850826,Negative,Lantana
F01_seed42_test.csv,20180109-070954-2.jpg,8,6,0.00024319604,0.019893728,7.3688599e-06,3.8428905e-06,4.0491228e-05,3.2853775e-05,0.94483244,6.8350524e-05,0.034877731,Negative,Siam weed
F01_seed42_test.csv,20180109-085343-2.jpg,8,3,0.054925743,0.013698623,9.1243243e-05,0.50573505,0.00022449079,0.00015535456,6.6685849e-05,0.35176377,0.073339037,Negative,Parthenium
F01_seed42_test.csv,20180109-094515-2.jpg,7,8,0.0035029527,1.7480646e-05,7.464597e-07,5.2178944e-06,6.7532554e-07,1.1981953e-05,9.6842161e-07,0.022866341,0.97359364,Snake weed,Negative
F01_seed42_test.csv,20180109-103331-2.jpg,8,2,8.9490382e-06,4.2991324e-06,0.87634212,8.6260273e-06,0.00049483628,2.1759751e-06,3.3610219e-07,8.9536715e-06,0.12312971,Negative,Parkinsonia
F01_seed42_test.csv,20180109-103614-2.jpg,8,0,0.90047089,2.8953793e-05,0.00043845658,0.00036803051,0.0022943183,1.1557119e-05,1.1120135e-05,0.0080898226,0.08828685,Negative,Chinee apple
F01_seed42_test.csv,20180112-071008-2.jpg,8,4,5.9309317e-07,4.3413489e-07,0.00063720187,1.8409542e-07,0.86139881,3.1520104e-06,1.8539059e-06,1.0154469e-06,0.13795675,Negative,Prickly acacia
F01_seed42_test.csv,20180112-091516-2.jpg,8,0,0.83172842,3.3245574e-05,0.00023515173,0.00038044198,0.00013103711,3.7193529e-05,5.393399e-06,0.011200962,0.15624815,Negative,Chinee apple
F01_seed42_test.csv,20180125-130032-3.jpg,8,1,2.4159647e-06,0.99540761,1.0545973e-07,3.665464e-07,9.1573418e-07,1.198758e-07,7.1712111e-05,4.3141563e-06,0.0045124363,Negative,Lantana
